{"cameraMode":{"drawMode":0,"name":"Shaded","section":"Shading Mode"},"sceneLighting":true,"audioPlay":false,"sceneViewState":{"showFog":true,"showMaterialUpdate":false,"showSkybox":true,"showFlares":true,"showImageEffects":true,"showParticleSystems":true},"in2DMode":false,"pivot":{"x":-3.326720714569092,"y":5.15419864654541,"z":1.0730867385864258},"rotation":{"x":0.4426664412021637,"y":0.17448832094669343,"z":-0.08826309442520142,"w":0.8751078248023987},"size":7.349359512329102,"orthographic":false}