{"cameraMode":{"drawMode":0,"name":"Shaded","section":"Shading Mode"},"sceneLighting":true,"audioPlay":false,"sceneViewState":{"showFog":true,"showMaterialUpdate":false,"showSkybox":true,"showFlares":true,"showImageEffects":true,"showParticleSystems":true},"in2DMode":false,"pivot":{"x":-1.8059113025665284,"y":1.5301380157470704,"z":-4.893656253814697},"rotation":{"x":0.4426664412021637,"y":0.17448832094669343,"z":-0.08826309442520142,"w":0.8751078248023987},"size":6.733014106750488,"orthographic":false}