{"cameraMode":{"drawMode":0,"name":"Shaded","section":"Shading Mode"},"sceneLighting":true,"audioPlay":false,"sceneViewState":{"showFog":true,"showMaterialUpdate":false,"showSkybox":true,"showFlares":true,"showImageEffects":true,"showParticleSystems":true},"in2DMode":false,"pivot":{"x":0.0022996440529823305,"y":-7.943948745727539,"z":4.334770679473877},"rotation":{"x":0.5246545076370239,"y":-0.002290393691509962,"z":0.00141182413790375,"w":0.8513131141662598},"size":5.855302810668945,"orthographic":false}