{"cameraMode":{"drawMode":0,"name":"Shaded","section":"Shading Mode"},"sceneLighting":true,"audioPlay":false,"sceneViewState":{"showFog":true,"showMaterialUpdate":false,"showSkybox":true,"showFlares":true,"showImageEffects":true,"showParticleSystems":true},"in2DMode":false,"pivot":{"x":-1.0854922533035279,"y":-9.039566993713379,"z":2.151447296142578},"rotation":{"x":0.5246545076370239,"y":-0.002290393691509962,"z":0.00141182413790375,"w":0.8513131141662598},"size":14.120800971984864,"orthographic":false}